Timestamp,User Count,Type,Name,Requests/s,Failures/s,50%,66%,75%,80%,90%,95%,98%,99%,99.9%,99.99%,100%,Total Request Count,Total Failure Count,Total Median Response Time,Total Average Response Time,Total Min Response Time,Total Max Response Time,Total Average Content Size
1780411619,0,,Aggregated,0.000000,0.000000,N/A,N/A,N/A,N/A,N/A,N/A,N/A,N/A,N/A,N/A,N/A,0,0,0,0.0,0,0,0
1780411620,5,,Aggregated,0.000000,0.000000,N/A,N/A,N/A,N/A,N/A,N/A,N/A,N/A,N/A,N/A,N/A,0,0,0,0.0,0,0,0
1780411621,10,,Aggregated,0.000000,0.000000,1100,1100,1100,1100,1100,1100,1100,1100,1100,1100,1100,5,0,1129.748378007207,1133.024719194509,1129.748378007207,1136.331508983858,301.0
1780411622,15,,Aggregated,0.000000,0.000000,1200,1300,1300,1300,1300,1300,1300,1300,1300,1300,1300,13,0,1200.0,1200.7040711603343,1129.748378007207,1287.3283840017393,960.9230769230769
1780411623,20,,Aggregated,2.500000,0.000000,1300,1700,1700,1700,2500,2500,2500,2500,2500,2500,2500,20,0,1300.0,1457.947445550235,1129.748378007207,2545.1553919701837,1822.6
1780411624,25,,Aggregated,4.333333,0.000000,1700,1900,1900,1900,2500,2700,2700,2700,2700,2700,2700,34,0,1700.0,1660.937103235697,1129.748378007207,2654.399071005173,3211.8823529411766
1780411625,25,,Aggregated,4.333333,0.000000,1700,1900,1900,1900,2500,2700,2700,2700,2700,2700,2700,34,0,1700.0,1660.937103235697,1129.748378007207,2654.399071005173,3211.8823529411766
1780411626,25,,Aggregated,4.400000,0.000000,1400,1700,1900,2200,2400,2500,2700,2700,2700,2700,2700,66,0,1400.0,1457.5120596864233,46.49343702476472,2654.399071005173,6141.924242424242
1780411627,25,,Aggregated,5.666667,0.000000,1300,1700,1900,1900,2400,2500,2700,2700,2700,2700,2700,77,0,1300.0,1259.2503847425817,22.0922349835746,2654.399071005173,6836.467532467533
1780411628,25,,Aggregated,7.142857,0.000000,950,1300,1700,1900,2200,2500,2600,2700,2700,2700,2700,105,0,950.0,950.5195571270417,22.0922349835746,2654.399071005173,7637.809523809524
1780411629,25,,Aggregated,8.500000,0.000000,370,1300,1500,1700,2200,2400,2600,2700,2700,2700,2700,122,0,370.0,826.8630655676119,20.710032957140356,2654.399071005173,8142.745901639344
1780411630,25,,Aggregated,9.777778,0.000000,220,1100,1300,1600,2000,2400,2600,2700,2700,2700,2700,141,0,220.0,731.6590895924176,18.113507016096264,2654.399071005173,8713.340425531915
1780411631,25,,Aggregated,11.200000,0.000000,150,770,1300,1400,1900,2400,2500,2700,2700,2700,2700,160,0,140.0,659.0590669351513,17.34683901304379,2654.399071005173,8918.36875
1780411632,25,,Aggregated,13.200000,0.000000,110,370,1100,1300,1900,2200,2500,2700,2700,2700,2700,184,0,110.0,580.1910865190185,17.34683901304379,2654.399071005173,9193.815217391304
1780411633,25,,Aggregated,15.000000,0.000000,91,270,1100,1300,1900,2200,2500,2600,2700,2700,2700,202,0,89,533.9017843886389,17.34683901304379,2654.399071005173,9448.920792079209
1780411634,25,,Aggregated,15.800000,0.000000,89,170,640,1200,1700,2200,2500,2600,2700,2700,2700,223,0,89,490.8366589535512,17.34683901304379,2654.399071005173,9540.744394618834
1780411635,25,,Aggregated,18.200000,0.000000,85,140,370,1100,1700,2200,2500,2600,2700,2700,2700,248,0,84,448.821446579513,17.34683901304379,2654.399071005173,9609.177419354839
1780411636,25,,Aggregated,19.400000,0.000000,83,120,300,910,1700,2200,2500,2600,2700,2700,2700,268,0,83,420.1844652448763,17.34683901304379,2654.399071005173,9879.063432835821
1780411637,25,,Aggregated,20.100000,0.000000,80,120,230,450,1600,2000,2500,2600,2700,2700,2700,286,0,79,397.4029160539418,13.436067965812981,2654.399071005173,9970.538461538461
1780411638,25,,Aggregated,20.600000,0.000000,77,110,190,370,1500,1900,2400,2500,2700,2700,2700,307,0,77,374.64695233045484,13.436067965812981,2654.399071005173,10058.28664495114
1780411639,25,,Aggregated,20.800000,0.000000,76,110,180,330,1400,1900,2400,2500,2700,2700,2700,329,0,76,356.623644837409,13.436067965812981,2654.399071005173,10123.91489361702
1780411640,25,,Aggregated,20.600000,0.000000,73,100,150,270,1300,1900,2400,2500,2700,2700,2700,351,0,73,338.69343919515677,13.436067965812981,2654.399071005173,10142.641025641025
1780411641,25,,Aggregated,20.500000,0.000000,71,99,140,240,1300,1900,2400,2500,2700,2700,2700,366,0,70,326.2046776623516,13.436067965812981,2654.399071005173,10066.754098360656
1780411642,25,,Aggregated,20.200000,0.000000,70,96,130,230,1300,1900,2400,2500,2700,2700,2700,388,0,69,310.8297890756092,13.436067965812981,2654.399071005173,10161.461340206186
1780411643,25,,Aggregated,20.600000,0.000000,69,91,120,220,1300,1900,2200,2500,2700,2700,2700,403,0,69,302.1729345142809,13.436067965812981,2654.399071005173,10079.868486352358
1780411644,25,,Aggregated,20.500000,0.000000,70,96,130,200,1200,1900,2200,2500,2700,2700,2700,422,0,70,293.340240491243,13.436067965812981,2654.399071005173,10255.3672985782
1780411645,25,,Aggregated,20.100000,0.000000,69,91,120,170,1200,1700,2200,2500,2700,2700,2700,446,0,69,280.87178611477435,13.436067965812981,2654.399071005173,10358.804932735426
1780411646,25,,Aggregated,20.100000,0.000000,69,89,110,150,1100,1700,2200,2500,2700,2700,2700,467,0,69,271.0991965870301,13.436067965812981,2654.399071005173,10407.702355460386
1780411647,25,,Aggregated,20.100000,0.000000,68,89,110,150,1100,1700,2200,2500,2700,2700,2700,479,0,68,266.05957412777764,13.436067965812981,2654.399071005173,10428.296450939457
1780411648,25,,Aggregated,19.600000,0.000000,69,91,120,150,1100,1700,2200,2500,2700,2700,2700,507,0,69,257.91481301830015,13.436067965812981,2654.399071005173,10428.755424063116
1780411649,25,,Aggregated,19.800000,0.000000,68,89,110,140,950,1700,2200,2500,2700,2700,2700,527,0,68,250.41445871968392,13.436067965812981,2654.399071005173,10447.981024667932
1780411650,25,,Aggregated,19.900000,0.000000,68,88,110,140,770,1600,2200,2500,2700,2700,2700,548,0,68,243.29083273739616,13.436067965812981,2654.399071005173,10397.220802919708
1780411651,25,,Aggregated,19.900000,0.000000,68,88,110,130,610,1600,2200,2500,2700,2700,2700,570,0,68,236.48188004950308,13.436067965812981,2654.399071005173,10399.354385964913
1780411652,25,,Aggregated,20.600000,0.000000,67,85,110,130,400,1600,2200,2500,2700,2700,2700,592,0,67,229.65131555119532,13.436067965812981,2654.399071005173,10432.842905405405
1780411653,25,,Aggregated,19.700000,0.000000,66,85,110,120,370,1500,2200,2400,2700,2700,2700,612,0,66,223.96671604437395,13.436067965812981,2654.399071005173,10403.16339869281
1780411654,25,,Aggregated,20.400000,0.000000,66,85,100,120,360,1400,2200,2400,2700,2700,2700,632,0,65,218.9992484780282,13.436067965812981,2654.399071005173,10390.099683544304
1780411655,25,,Aggregated,20.200000,0.000000,65,84,100,120,330,1400,2200,2400,2700,2700,2700,652,0,65,214.08360845566816,13.436067965812981,2654.399071005173,10385.48773006135
1780411656,25,,Aggregated,20.400000,0.000000,66,84,100,120,330,1400,2200,2400,2700,2700,2700,670,0,66,211.09738786732638,13.436067965812981,2654.399071005173,10404.755223880597
1780411657,25,,Aggregated,20.400000,0.000000,66,85,100,120,300,1300,2200,2400,2700,2700,2700,692,0,66,207.3085148645682,13.436067965812981,2654.399071005173,10424.18352601156
1780411658,25,,Aggregated,21.100000,0.000000,66,85,100,120,290,1300,2000,2400,2700,2700,2700,712,0,66,203.5609884750035,13.436067965812981,2654.399071005173,10478.821629213484
1780411659,25,,Aggregated,20.600000,0.000000,66,84,100,110,280,1300,2000,2400,2700,2700,2700,732,0,66,199.77991975428182,13.436067965812981,2654.399071005173,10484.442622950819
1780411660,25,,Aggregated,20.600000,0.000000,66,84,99,110,270,1300,2000,2400,2700,2700,2700,749,0,66,196.90533595892336,13.436067965812981,2654.399071005173,10466.781041388518
1780411661,25,,Aggregated,20.400000,0.000000,66,84,100,110,260,1300,1900,2400,2700,2700,2700,771,0,66,193.5109898499932,13.436067965812981,2654.399071005173,10422.134889753566
1780411662,25,,Aggregated,20.400000,0.000000,66,84,99,110,260,1300,1900,2400,2700,2700,2700,788,0,65,190.9171244484694,13.436067965812981,2654.399071005173,10404.454314720811
1780411663,25,,Aggregated,20.100000,0.000000,66,84,99,110,250,1300,1900,2200,2700,2700,2700,808,0,66,188.30286322349144,13.436067965812981,2654.399071005173,10416.58292079208
1780411664,25,,Aggregated,19.900000,0.000000,65,83,98,110,250,1300,1900,2200,2700,2700,2700,829,0,65,184.6935045349314,13.436067965812981,2654.399071005173,10387.117008443909
1780411665,25,,Aggregated,19.700000,0.000000,65,82,98,110,240,1200,1900,2200,2700,2700,2700,842,0,65,182.60722826537787,13.436067965812981,2654.399071005173,10399.779097387174
1780411666,25,,Aggregated,19.900000,0.000000,66,84,99,110,250,1200,1900,2200,2700,2700,2700,866,0,66,181.80501721168903,13.436067965812981,2654.399071005173,10415.219399538106
1780411667,25,,Aggregated,19.500000,0.000000,65,83,99,110,240,1200,1900,2200,2700,2700,2700,880,0,65,179.79290531868836,13.436067965812981,2654.399071005173,10381.401136363636
1780411668,25,,Aggregated,19.600000,0.000000,65,83,98,110,240,1200,1900,2200,2700,2700,2700,900,0,65,177.29687611042107,13.436067965812981,2654.399071005173,10378.017777777777
1780411669,25,,Aggregated,19.500000,0.000000,65,82,98,110,230,1100,1900,2200,2700,2700,2700,922,0,65,174.58869897882423,13.436067965812981,2654.399071005173,10385.509761388286
1780411670,25,,Aggregated,19.000000,0.000000,65,81,98,110,230,1100,1900,2200,2700,2700,2700,938,0,64,172.65908316466343,13.436067965812981,2654.399071005173,10383.720682302772
1780411671,25,,Aggregated,18.700000,0.000000,65,81,98,110,230,1100,1900,2200,2700,2700,2700,959,0,65,170.64576728296893,13.436067965812981,2654.399071005173,10426.882168925964
1780411672,25,,Aggregated,18.200000,0.000000,65,81,98,110,230,1100,1900,2200,2700,2700,2700,978,0,65,168.55809905447003,13.436067965812981,2654.399071005173,10438.233128834356
1780411673,25,,Aggregated,18.600000,0.000000,64,80,98,110,230,1100,1900,2200,2700,2700,2700,1002,0,64,165.88069846030575,13.436067965812981,2654.399071005173,10391.885229540918
1780411674,25,,Aggregated,18.700000,0.000000,64,81,98,110,230,1000,1900,2200,2700,2700,2700,1022,0,64,165.12153177402973,13.436067965812981,2654.399071005173,10409.61252446184
1780411675,25,,Aggregated,19.100000,0.000000,65,81,98,110,230,950,1900,2200,2700,2700,2700,1043,0,65,163.5101627794984,13.436067965812981,2654.399071005173,10424.300095877277
1780411676,25,,Aggregated,19.000000,0.000000,64,80,98,110,230,950,1900,2200,2700,2700,2700,1058,0,64,161.7460762050345,13.436067965812981,2654.399071005173,10421.531190926276
1780411677,25,,Aggregated,19.300000,0.000000,64,79,96,110,220,770,1900,2200,2700,2700,2700,1083,0,64,159.1063641567563,13.436067965812981,2654.399071005173,10399.813481071098
1780411678,25,,Aggregated,18.900000,0.000000,64,80,97,110,220,640,1700,2200,2700,2700,2700,1102,0,64,158.1801176831247,13.436067965812981,2654.399071005173,10398.14337568058
1780411679,25,,Aggregated,19.200000,0.000000,64,80,97,110,210,640,1700,2200,2700,2700,2700,1119,0,64,156.8655347432529,13.436067965812981,2654.399071005173,10438.21000893655
1780411680,25,,Aggregated,20.000000,0.000000,64,80,98,110,210,450,1700,2200,2700,2700,2700,1141,0,64,155.61450185165654,13.436067965812981,2654.399071005173,10420.496932515338
1780411681,25,,Aggregated,20.400000,0.000000,64,81,98,110,210,410,1700,2200,2700,2700,2700,1162,0,64,154.25218675971246,13.436067965812981,2654.399071005173,10407.523235800345
1780411682,25,,Aggregated,20.400000,0.000000,65,82,99,110,220,410,1700,2200,2700,2700,2700,1186,0,65,155.10581741292063,13.436067965812981,2654.399071005173,10468.605396290051
1780411683,25,,Aggregated,20.600000,0.000000,65,82,98,110,220,410,1700,2200,2700,2700,2700,1204,0,65,153.7420217182655,13.436067965812981,2654.399071005173,10463.958471760798
1780411684,25,,Aggregated,20.700000,0.000000,65,83,99,110,220,400,1700,2200,2700,2700,2700,1228,0,65,153.29758742816043,13.436067965812981,2654.399071005173,10445.707654723126
1780411685,25,,Aggregated,21.100000,0.000000,65,83,99,110,220,400,1700,2200,2700,2700,2700,1249,0,65,151.99534877415357,13.436067965812981,2654.399071005173,10430.537229783828
1780411686,25,,Aggregated,20.300000,0.000000,65,83,99,110,220,370,1700,2200,2700,2700,2700,1267,0,65,150.91150764552523,13.436067965812981,2654.399071005173,10417.140489344909
1780411687,25,,Aggregated,21.000000,0.000000,65,83,98,110,210,370,1700,2200,2700,2700,2700,1283,0,65,149.77708183931637,13.436067965812981,2654.399071005173,10425.995323460638
1780411688,25,,Aggregated,20.400000,0.000000,66,83,99,110,210,370,1700,2200,2700,2700,2700,1303,0,66,149.148953281472,13.436067965812981,2654.399071005173,10455.194167306216
1780411689,25,,Aggregated,20.600000,0.000000,66,84,100,120,210,360,1700,2200,2700,2700,2700,1323,0,66,148.82506587657338,12.536896974779665,2654.399071005173,10465.615268329553
1780411690,25,,Aggregated,20.400000,0.000000,66,84,100,120,210,360,1700,2200,2700,2700,2700,1343,0,66,148.60662560510724,12.536896974779665,2654.399071005173,10467.477289650038
1780411691,25,,Aggregated,19.600000,0.000000,66,84,100,120,210,360,1600,2200,2700,2700,2700,1364,0,66,147.4158467703241,12.536896974779665,2654.399071005173,10507.289589442815
1780411692,25,,Aggregated,20.000000,0.000000,66,84,100,120,210,360,1600,2200,2700,2700,2700,1385,0,66,146.24654906188283,12.536896974779665,2654.399071005173,10500.594945848376
1780411693,25,,Aggregated,20.100000,0.000000,65,83,100,120,210,350,1600,2000,2700,2700,2700,1408,0,65,144.50458139456467,12.536896974779665,2654.399071005173,10463.810369318182
1780411694,25,,Aggregated,19.400000,0.000000,65,83,99,110,210,330,1600,2000,2700,2700,2700,1431,0,65,143.09267107025374,12.536896974779665,2654.399071005173,10473.360587002097
1780411695,25,,Aggregated,19.700000,0.000000,65,82,99,110,210,330,1600,2000,2700,2700,2700,1448,0,65,141.9183671875157,12.536896974779665,2654.399071005173,10479.415745856353
1780411696,25,,Aggregated,20.200000,0.000000,65,81,98,110,210,330,1600,2000,2700,2700,2700,1470,0,64,140.55448499635705,12.536896974779665,2654.399071005173,10515.226530612244
1780411697,25,,Aggregated,19.700000,0.000000,64,80,98,110,200,330,1600,2000,2700,2700,2700,1492,0,64,139.17584763991994,12.536896974779665,2654.399071005173,10508.79490616622
1780411698,25,,Aggregated,20.300000,0.000000,64,80,96,110,200,320,1500,1900,2700,2700,2700,1508,0,64,138.1117531602686,12.536896974779665,2654.399071005173,10521.571618037135
1780411699,25,,Aggregated,20.200000,0.000000,64,80,96,110,200,310,1500,1900,2700,2700,2700,1528,0,63,137.16860298474631,12.536896974779665,2654.399071005173,10525.432591623037
1780411700,25,,Aggregated,20.200000,0.000000,63,79,95,110,200,310,1400,1900,2700,2700,2700,1555,0,63,135.84565089314043,12.536896974779665,2654.399071005173,10541.092604501608
1780411701,25,,Aggregated,21.300000,0.000000,63,79,94,110,190,310,1400,1900,2700,2700,2700,1575,0,63,134.59287682585122,12.536896974779665,2654.399071005173,10517.505396825396
1780411702,25,,Aggregated,20.900000,0.000000,63,78,94,110,190,300,1400,1900,2700,2700,2700,1592,0,63,133.61021109975712,12.536896974779665,2654.399071005173,10521.010050251256
1780411703,25,,Aggregated,21.100000,0.000000,62,78,94,110,190,300,1400,1900,2700,2700,2700,1614,0,62,132.5623562916954,12.536896974779665,2654.399071005173,10499.526022304834
1780411704,25,,Aggregated,21.300000,0.000000,61,77,93,110,190,290,1400,1900,2700,2700,2700,1632,0,61,131.50899794113772,12.536896974779665,2654.399071005173,10490.012254901962
1780411705,25,,Aggregated,20.800000,0.000000,61,77,93,110,190,290,1400,1900,2700,2700,2700,1655,0,61,130.40474769177501,12.536896974779665,2654.399071005173,10482.711178247735
1780411706,25,,Aggregated,20.400000,0.000000,61,77,92,110,180,290,1400,1900,2700,2700,2700,1677,0,61,129.43892000413422,12.536896974779665,2654.399071005173,10450.597495527729
1780411707,25,,Aggregated,20.700000,0.000000,61,76,92,100,180,290,1400,1900,2700,2700,2700,1697,0,61,128.54164923684212,12.536896974779665,2654.399071005173,10477.599882144961
1780411708,25,,Aggregated,20.800000,0.000000,60,76,91,100,180,290,1300,1900,2700,2700,2700,1716,0,60,127.5055586910722,12.536896974779665,2654.399071005173,10473.556526806527
1780411709,25,,Aggregated,21.000000,0.000000,59,75,91,100,180,280,1300,1900,2700,2700,2700,1733,0,59,126.63511329818064,12.536896974779665,2654.399071005173,10465.942873629545
1780411710,25,,Aggregated,21.100000,0.000000,59,76,91,100,180,280,1300,1900,2700,2700,2700,1752,0,59,126.12198893199823,12.536896974779665,2654.399071005173,10451.897260273972
1780411711,25,,Aggregated,20.200000,0.000000,59,76,91,100,180,280,1300,1900,2700,2700,2700,1777,0,59,125.31295410065493,12.536896974779665,2654.399071005173,10468.909960607765
1780411712,25,,Aggregated,20.100000,0.000000,59,76,91,100,180,280,1300,1900,2700,2700,2700,1797,0,59,124.80461001946188,12.536896974779665,2654.399071005173,10459.164718976072
1780411713,25,,Aggregated,19.600000,0.000000,59,75,90,100,170,280,1300,1900,2700,2700,2700,1816,0,59,123.92478390845022,12.536896974779665,2654.399071005173,10461.85627753304
1780411714,25,,Aggregated,20.400000,0.000000,59,75,89,100,170,280,1300,1900,2700,2700,2700,1835,0,59,123.07407616714411,12.536896974779665,2654.399071005173,10465.18038147139
1780411715,25,,Aggregated,20.100000,0.000000,59,75,89,100,180,270,1300,1900,2700,2700,2700,1852,0,59,122.95558060888759,12.536896974779665,2654.399071005173,10461.390928725701
1780411716,25,,Aggregated,20.200000,0.000000,58,74,89,100,180,270,1300,1900,2700,2700,2700,1870,0,58,122.23757522767112,12.536896974779665,2654.399071005173,10437.372192513369
1780411717,25,,Aggregated,19.700000,0.000000,58,74,89,100,170,270,1300,1900,2700,2700,2700,1890,0,58,121.39210234902474,12.536896974779665,2654.399071005173,10425.121693121693
1780411718,25,,Aggregated,19.800000,0.000000,58,74,88,100,170,270,1300,1900,2700,2700,2700,1912,0,58,120.664032743479,12.536896974779665,2654.399071005173,10444.502092050208
1780411719,25,,Aggregated,19.400000,0.000000,58,74,89,100,170,270,1300,1900,2700,2700,2700,1932,0,58,120.14485458922587,12.536896974779665,2654.399071005173,10446.578157349897
1780411720,25,,Aggregated,19.400000,0.000000,58,74,88,100,170,270,1300,1900,2700,2700,2700,1948,0,58,119.50337876190692,12.536896974779665,2654.399071005173,10443.576488706365
1780411721,25,,Aggregated,19.400000,0.000000,57,73,88,99,160,270,1300,1900,2700,2700,2700,1972,0,57,118.62387526484015,12.536896974779665,2654.399071005173,10449.716531440163
1780411722,25,,Aggregated,19.700000,0.000000,57,73,88,99,160,270,1300,1900,2700,2700,2700,1991,0,57,117.93944991731877,12.536896974779665,2654.399071005173,10439.602209944751
1780411723,25,,Aggregated,19.500000,0.000000,57,73,88,99,160,270,1300,1900,2600,2700,2700,2012,0,57,117.27054068361822,12.536896974779665,2654.399071005173,10444.30268389662
1780411724,25,,Aggregated,19.200000,0.000000,57,73,87,99,160,260,1300,1900,2600,2700,2700,2034,0,57,116.62504679807635,12.536896974779665,2654.399071005173,10437.384464110128
1780411725,25,,Aggregated,19.400000,0.000000,57,73,87,98,160,260,1300,1900,2600,2700,2700,2049,0,57,116.12816878055618,12.536896974779665,2654.399071005173,10438.775988286969
1780411726,25,,Aggregated,19.800000,0.000000,57,73,88,99,170,270,1300,1900,2600,2700,2700,2072,0,57,116.54362399044535,12.536896974779665,2654.399071005173,10440.484073359074
1780411727,25,,Aggregated,20.000000,0.000000,57,73,87,99,170,270,1300,1900,2600,2700,2700,2088,0,57,115.93022193448347,12.536896974779665,2654.399071005173,10445.18438697318
1780411728,25,,Aggregated,19.000000,0.000000,57,73,87,99,160,270,1200,1900,2600,2700,2700,2115,0,57,115.19169027245016,12.536896974779665,2654.399071005173,10432.577777777778
1780411729,25,,Aggregated,19.600000,0.000000,56,73,87,99,160,270,1200,1900,2600,2700,2700,2134,0,56,114.79325920908346,12.536896974779665,2654.399071005173,10434.142924086224
1780411730,25,,Aggregated,19.400000,0.000000,56,72,87,98,160,260,1200,1900,2600,2700,2700,2156,0,56,114.14886125063624,12.536896974779665,2654.399071005173,10429.76762523191
1780411731,25,,Aggregated,20.300000,0.000000,56,72,86,98,160,260,1200,1900,2600,2700,2700,2175,0,56,113.490559358776,12.536896974779665,2654.399071005173,10427.046896551725
1780411732,25,,Aggregated,20.600000,0.000000,56,72,86,98,160,260,1200,1900,2600,2700,2700,2197,0,56,112.94453533290125,12.536896974779665,2654.399071005173,10405.79335457442
1780411733,25,,Aggregated,21.000000,0.000000,56,72,85,98,160,260,1200,1700,2600,2700,2700,2213,0,56,112.36071715068171,12.536896974779665,2654.399071005173,10404.627654767284
1780411734,25,,Aggregated,20.500000,0.000000,55,71,85,97,160,250,1200,1700,2600,2700,2700,2236,0,55,111.78052966348716,12.536896974779665,2654.399071005173,10390.930679785331
1780411735,25,,Aggregated,20.200000,0.000000,55,71,85,96,160,250,1100,1700,2600,2700,2700,2259,0,55,111.25217828041684,12.536896974779665,2654.399071005173,10403.290393979638
1780411736,25,,Aggregated,20.200000,0.000000,55,71,85,96,150,250,1100,1700,2600,2700,2700,2286,0,55,110.60716592327753,12.536896974779665,2654.399071005173,10386.535870516185
1780411737,25,,Aggregated,20.400000,0.000000,55,71,84,95,150,250,1100,1700,2600,2700,2700,2305,0,55,110.0939724979207,12.536896974779665,2654.399071005173,10394.284164859002
1780411738,25,,Aggregated,21.600000,0.000000,55,71,84,95,150,250,1100,1700,2600,2700,2700,2324,0,55,109.64257701533215,12.536896974779665,2654.399071005173,10385.96256454389
1780411739,25,,Aggregated,21.500000,0.000000,55,70,84,94,150,250,1100,1700,2600,2700,2700,2352,0,55,108.94273659129244,12.536896974779665,2654.399071005173,10390.7912414966
1780411740,25,,Aggregated,21.300000,0.000000,55,70,84,94,150,250,1100,1700,2600,2700,2700,2367,0,55,108.65713326906904,12.536896974779665,2654.399071005173,10397.710604140262
1780411741,25,,Aggregated,21.100000,0.000000,55,70,84,94,150,250,1100,1700,2600,2700,2700,2386,0,55,108.3068987339023,12.536896974779665,2654.399071005173,10414.688600167645
1780411742,25,,Aggregated,21.200000,0.000000,55,70,84,94,150,250,1100,1700,2600,2700,2700,2401,0,55,107.87552831569292,12.536896974779665,2654.399071005173,10437.93586005831
1780411743,25,,Aggregated,20.800000,0.000000,55,70,83,94,150,250,1100,1700,2600,2700,2700,2423,0,55,107.55591813866565,12.536896974779665,2654.399071005173,10435.054890631449
1780411744,25,,Aggregated,21.100000,0.000000,55,70,83,94,150,250,1100,1700,2600,2700,2700,2443,0,55,107.13645020999034,12.536896974779665,2654.399071005173,10434.329512893983
1780411745,25,,Aggregated,20.900000,0.000000,55,70,83,93,150,250,1100,1700,2600,2700,2700,2466,0,55,106.54355248213793,12.536896974779665,2654.399071005173,10445.298864557988
1780411746,25,,Aggregated,20.700000,0.000000,55,69,83,93,150,250,1100,1700,2600,2700,2700,2485,0,55,106.04071945710467,12.536896974779665,2654.399071005173,10446.136820925552
1780411747,25,,Aggregated,20.400000,0.000000,54,69,82,92,150,250,1100,1700,2600,2700,2700,2503,0,54,105.58317068916709,12.536896974779665,2654.399071005173,10443.501398322014
1780411748,25,,Aggregated,20.400000,0.000000,54,69,82,92,150,250,1100,1700,2600,2700,2700,2524,0,54,105.16658138155641,12.536896974779665,2654.399071005173,10439.988114104595
1780411749,25,,Aggregated,19.700000,0.000000,54,69,82,92,150,250,1100,1700,2600,2700,2700,2546,0,54,104.73373958253677,12.536896974779665,2654.399071005173,10438.091123330714
1780411750,25,,Aggregated,20.300000,0.000000,54,69,81,91,150,250,1000,1700,2600,2700,2700,2566,0,54,104.26162533948488,12.536896974779665,2654.399071005173,10424.689789555729
1780411751,25,,Aggregated,19.900000,0.000000,54,68,81,91,140,240,1000,1700,2600,2700,2700,2587,0,54,103.74572010636405,12.536896974779665,2654.399071005173,10437.321994588327
1780411752,25,,Aggregated,19.800000,0.000000,53,68,80,91,140,240,950,1700,2600,2700,2700,2610,0,53,103.33554975671062,12.536896974779665,2654.399071005173,10424.514942528736
1780411753,25,,Aggregated,19.900000,0.000000,53,68,80,91,140,240,950,1700,2600,2700,2700,2629,0,53,102.94432713960667,12.536896974779665,2654.399071005173,10424.6260935717
1780411754,25,,Aggregated,19.900000,0.000000,53,68,80,91,140,240,950,1700,2600,2700,2700,2646,0,53,102.69426827287113,12.536896974779665,2654.399071005173,10431.591458805744
1780411755,25,,Aggregated,20.700000,0.000000,53,68,80,91,140,240,910,1700,2600,2700,2700,2663,0,53,102.6581331840391,12.536896974779665,2654.399071005173,10435.117161096508
1780411756,25,,Aggregated,20.200000,0.000000,53,68,80,91,140,240,910,1700,2600,2700,2700,2685,0,53,102.17174632148297,12.536896974779665,2654.399071005173,10432.308752327746
1780411757,25,,Aggregated,20.100000,0.000000,53,68,80,90,140,240,770,1600,2600,2700,2700,2706,0,53,101.70250811238263,12.536896974779665,2654.399071005173,10418.281226903178
1780411758,25,,Aggregated,19.500000,0.000000,53,68,80,90,140,240,770,1600,2600,2700,2700,2724,0,53,101.41568306385452,12.536896974779665,2654.399071005173,10425.925110132159
1780411759,25,,Aggregated,20.200000,0.000000,53,68,79,90,140,240,770,1600,2600,2700,2700,2744,0,53,101.18299156010173,12.536896974779665,2654.399071005173,10422.918731778425
1780411760,25,,Aggregated,19.900000,0.000000,53,68,79,90,140,240,640,1600,2600,2700,2700,2763,0,53,100.8820814455568,12.536896974779665,2654.399071005173,10426.297140788998
1780411761,25,,Aggregated,20.200000,0.000000,53,67,79,89,140,240,640,1600,2600,2700,2700,2785,0,53,100.50795248078845,12.536896974779665,2654.399071005173,10424.641292639139
1780411762,25,,Aggregated,19.500000,0.000000,53,67,79,89,140,240,610,1600,2600,2700,2700,2803,0,53,100.1093103067145,12.536896974779665,2654.399071005173,10420.934712807706
1780411763,25,,Aggregated,20.000000,0.000000,53,67,79,89,140,240,610,1600,2600,2700,2700,2820,0,53,99.96222309596466,12.536896974779665,2654.399071005173,10435.299290780142
1780411764,25,,Aggregated,20.100000,0.000000,53,67,79,89,140,240,610,1600,2600,2700,2700,2844,0,53,99.62823182298509,12.536896974779665,2654.399071005173,10442.79676511955
1780411765,25,,Aggregated,19.400000,0.000000,53,67,79,89,140,240,450,1600,2600,2700,2700,2857,0,53,99.35232369461214,12.536896974779665,2654.399071005173,10435.93174658733
1780411766,25,,Aggregated,19.300000,0.000000,53,67,79,89,130,240,450,1600,2600,2700,2700,2882,0,53,99.03733531314631,12.536896974779665,2654.399071005173,10432.963566967384
1780411767,25,,Aggregated,20.000000,0.000000,53,67,78,89,130,240,440,1600,2600,2700,2700,2903,0,53,98.61750215140152,12.536896974779665,2654.399071005173,10427.287289011367
1780411768,25,,Aggregated,19.800000,0.000000,53,67,78,89,130,230,440,1600,2600,2700,2700,2921,0,53,98.37453395945828,12.536896974779665,2654.399071005173,10441.565902088327
1780411769,25,,Aggregated,19.600000,0.000000,53,67,78,88,130,240,440,1600,2600,2700,2700,2940,0,53,98.14552861312562,12.536896974779665,2654.399071005173,10427.58775510204
1780411770,25,,Aggregated,19.500000,0.000000,53,67,78,88,130,230,410,1600,2600,2700,2700,2959,0,53,97.86454042132274,12.536896974779665,2654.399071005173,10435.103075363299
1780411771,25,,Aggregated,19.300000,0.000000,53,67,78,88,130,230,410,1600,2600,2700,2700,2978,0,53,97.46101283571664,12.536896974779665,2654.399071005173,10434.003022162526
1780411772,25,,Aggregated,19.700000,0.000000,53,67,78,88,130,230,410,1600,2600,2700,2700,2999,0,53,97.42434622400644,12.536896974779665,2654.399071005173,10434.433477825942
1780411773,25,,Aggregated,19.300000,0.000000,53,67,78,88,130,230,410,1500,2500,2700,2700,3023,0,53,97.09062425266342,12.536896974779665,2654.399071005173,10431.438306318227
1780411774,25,,Aggregated,19.200000,0.000000,53,66,78,88,130,230,410,1500,2500,2700,2700,3040,0,53,96.78045486471092,12.536896974779665,2654.399071005173,10421.546710526316
1780411775,25,,Aggregated,19.400000,0.000000,53,67,78,88,130,230,400,1500,2500,2700,2700,3061,0,53,96.54146791919543,12.536896974779665,2654.399071005173,10424.896112381575
1780411776,25,,Aggregated,20.200000,0.000000,53,66,77,87,130,230,400,1500,2500,2700,2700,3083,0,53,96.20116404497871,12.536896974779665,2654.399071005173,10436.47745702238
1780411777,25,,Aggregated,20.100000,0.000000,52,66,77,87,130,230,400,1500,2500,2700,2700,3098,0,52,95.92877045789946,12.536896974779665,2654.399071005173,10429.86313750807
1780411778,25,,Aggregated,20.000000,0.000000,52,66,77,87,130,230,400,1400,2500,2700,2700,3122,0,52,95.57234380479015,12.536896974779665,2654.399071005173,10429.854900704677
1780411779,25,,Aggregated,20.200000,0.000000,52,66,77,87,130,230,400,1400,2500,2700,2700,3139,0,52,95.36153663441719,12.536896974779665,2654.399071005173,10443.749601784008
1780411780,25,,Aggregated,20.000000,0.000000,52,66,77,87,130,230,400,1400,2500,2700,2700,3158,0,52,95.17702245198977,12.536896974779665,2654.399071005173,10432.481950601647
1780411781,25,,Aggregated,19.900000,0.000000,52,66,77,87,130,230,400,1400,2500,2700,2700,3184,0,52,94.82131638927528,12.536896974779665,2654.399071005173,10429.485866834171
1780411782,25,,Aggregated,20.100000,0.000000,52,66,77,86,130,230,370,1400,2500,2700,2700,3206,0,52,94.43013298668241,12.536896974779665,2654.399071005173,10430.404553961322
1780411783,25,,Aggregated,20.100000,0.000000,52,66,77,86,130,230,370,1400,2500,2700,2700,3233,0,52,94.13915065894531,12.536896974779665,2654.399071005173,10442.201670275286
1780411784,25,,Aggregated,20.400000,0.000000,52,66,76,86,130,230,370,1400,2500,2700,2700,3249,0,52,93.85987996808751,12.536896974779665,2654.399071005173,10433.285626346567
1780411785,25,,Aggregated,20.700000,0.000000,52,66,77,86,130,230,370,1400,2500,2700,2700,3271,0,52,93.79295218322802,12.536896974779665,2654.399071005173,10431.206664628555
1780411786,25,,Aggregated,21.000000,0.000000,52,66,77,86,130,230,370,1400,2500,2700,2700,3294,0,52,93.56745281401989,12.536896974779665,2654.399071005173,10431.562841530054
1780411787,25,,Aggregated,20.500000,0.000000,52,66,77,86,130,230,370,1400,2500,2700,2700,3309,0,52,93.39067916541754,12.536896974779665,2654.399071005173,10432.569054094893
1780411788,25,,Aggregated,21.600000,0.000000,52,66,76,86,130,230,370,1400,2500,2700,2700,3331,0,52,93.1153050890146,12.536896974779665,2654.399071005173,10433.18853197238
1780411789,25,,Aggregated,21.100000,0.000000,52,66,76,86,130,230,370,1400,2500,2700,2700,3349,0,52,92.90802029962116,12.536896974779665,2654.399071005173,10426.260674828307
1780411790,25,,Aggregated,21.300000,0.000000,52,66,77,86,130,230,360,1400,2500,2700,2700,3373,0,52,92.78874203420953,12.536896974779665,2654.399071005173,10421.954343314557
1780411791,25,,Aggregated,21.100000,0.000000,52,66,77,86,130,230,360,1400,2500,2700,2700,3394,0,52,92.62814658734649,12.536896974779665,2654.399071005173,10428.461697112552
1780411792,25,,Aggregated,21.000000,0.000000,52,66,76,86,130,230,360,1300,2500,2700,2700,3413,0,52,92.35508302333425,12.536896974779665,2654.399071005173,10422.838558452973
1780411793,25,,Aggregated,21.000000,0.000000,52,66,77,86,120,220,360,1300,2500,2700,2700,3435,0,52,92.16547723304754,12.536896974779665,2654.399071005173,10432.185152838429
1780411794,25,,Aggregated,21.400000,0.000000,52,66,76,86,120,220,360,1300,2500,2700,2700,3452,0,52,91.93343799143422,12.536896974779665,2654.399071005173,10420.582850521438
1780411795,25,,Aggregated,20.800000,0.000000,52,66,76,86,120,220,360,1300,2500,2700,2700,3474,0,52,91.67368818552927,12.536896974779665,2654.399071005173,10425.538860103627
1780411796,25,,Aggregated,20.300000,0.000000,52,66,76,85,120,220,360,1300,2500,2700,2700,3494,0,52,91.51042537621711,12.536896974779665,2654.399071005173,10400.872638809387
1780411797,25,,Aggregated,20.300000,0.000000,52,66,76,85,120,220,360,1300,2500,2700,2700,3514,0,52,91.22460327876729,12.536896974779665,2654.399071005173,10392.865680136596
1780411798,25,,Aggregated,19.900000,0.000000,52,65,76,85,120,220,360,1300,2500,2700,2700,3533,0,52,90.93886535226765,12.536896974779665,2654.399071005173,10392.629210302859
1780411799,25,,Aggregated,20.200000,0.000000,52,65,76,85,120,220,350,1300,2500,2700,2700,3554,0,52,90.8520697142649,12.536896974779665,2654.399071005173,10395.809510410805
1780411800,25,,Aggregated,20.200000,0.000000,52,66,76,86,130,220,350,1300,2500,2700,2700,3579,0,52,90.9586443054814,12.536896974779665,2654.399071005173,10400.650461022631
1780411801,25,,Aggregated,20.400000,0.000000,52,66,76,86,130,220,350,1300,2500,2700,2700,3600,0,52,90.75057661898124,12.536896974779665,2654.399071005173,10407.998055555556
1780411802,25,,Aggregated,20.800000,0.000000,52,65,76,85,120,220,340,1300,2500,2700,2700,3616,0,52,90.58907173485886,12.536896974779665,2654.399071005173,10419.64546460177
1780411803,25,,Aggregated,20.800000,0.000000,52,65,76,85,120,220,340,1300,2500,2700,2700,3634,0,52,90.38198488835519,12.536896974779665,2654.399071005173,10423.172812328014
1780411804,25,,Aggregated,20.100000,0.000000,52,65,76,85,120,220,330,1300,2500,2700,2700,3657,0,52,90.08800651527504,12.536896974779665,2654.399071005173,10418.93738036642
1780411805,25,,Aggregated,20.100000,0.000000,51,65,76,85,120,220,330,1300,2500,2700,2700,3675,0,51,89.85217560470726,12.536896974779665,2654.399071005173,10418.425034013606
1780411806,25,,Aggregated,20.000000,0.000000,51,65,75,85,120,220,330,1300,2500,2700,2700,3692,0,51,89.65522096838758,12.536896974779665,2654.399071005173,10414.042524377031
1780411807,25,,Aggregated,20.200000,0.000000,51,65,75,85,120,220,330,1300,2500,2700,2700,3712,0,51,89.42742758974167,12.536896974779665,2654.399071005173,10409.512392241379
1780411808,25,,Aggregated,19.900000,0.000000,51,65,75,85,120,220,330,1300,2500,2700,2700,3730,0,51,89.41125988848844,12.536896974779665,2654.399071005173,10422.253887399464
1780411809,25,,Aggregated,20.000000,0.000000,51,65,75,85,120,220,330,1300,2500,2700,2700,3755,0,51,89.41343710681835,12.536896974779665,2654.399071005173,10425.361651131825
1780411810,25,,Aggregated,19.900000,0.000000,51,65,76,85,120,220,330,1300,2500,2700,2700,3780,0,51,89.23924442857415,12.536896974779665,2654.399071005173,10423.400529100529
1780411811,25,,Aggregated,20.200000,0.000000,51,65,76,85,120,220,330,1300,2500,2700,2700,3798,0,51,89.11508105189127,12.536896974779665,2654.399071005173,10426.01448130595
1780411812,25,,Aggregated,19.900000,0.000000,51,65,75,85,120,220,330,1300,2500,2700,2700,3823,0,51,88.82167120171813,12.536896974779665,2654.399071005173,10430.437352864243
1780411813,25,,Aggregated,20.100000,0.000000,51,65,75,84,120,220,330,1300,2500,2700,2700,3840,0,51,88.67931633391588,12.536896974779665,2654.399071005173,10433.87421875
1780411814,25,,Aggregated,19.800000,0.000000,51,65,75,84,120,220,330,1300,2500,2700,2700,3861,0,51,88.52764635387956,12.536896974779665,2654.399071005173,10437.219891219891
1780411815,25,,Aggregated,20.500000,0.000000,51,65,75,84,120,220,330,1300,2500,2700,2700,3882,0,51,88.29783246400712,12.536896974779665,2654.399071005173,10439.554095826894
1780411816,25,,Aggregated,20.600000,0.000000,51,65,75,84,120,210,320,1300,2500,2700,2700,3903,0,51,88.24155263956722,12.536896974779665,2654.399071005173,10440.751729438893
1780411817,25,,Aggregated,21.000000,0.000000,51,65,75,85,120,210,320,1300,2500,2700,2700,3928,0,51,88.21817177553581,12.536896974779665,2654.399071005173,10440.236761710794
1780411818,25,,Aggregated,20.500000,0.000000,51,65,75,84,120,210,320,1300,2500,2700,2700,3947,0,51,88.02006176167279,12.536896974779665,2654.399071005173,10451.66278185964
1780411819,25,,Aggregated,20.500000,0.000000,51,65,75,84,120,210,320,1300,2500,2700,2700,3967,0,51,87.90221180574194,12.536896974779665,2654.399071005173,10452.869422737585
1780411820,25,,Aggregated,21.100000,0.000000,51,65,75,84,120,210,320,1300,2500,2700,2700,3984,0,51,87.70251447102815,12.536896974779665,2654.399071005173,10453.276606425703
1780411821,25,,Aggregated,20.900000,0.000000,51,65,75,84,120,210,320,1300,2500,2700,2700,4005,0,51,87.41883734668711,12.536896974779665,2654.399071005173,10450.81922596754
1780411822,25,,Aggregated,20.700000,0.000000,51,65,75,84,120,210,320,1300,2500,2700,2700,4029,0,51,87.26991814753683,12.536896974779665,2654.399071005173,10448.349714569373
1780411823,25,,Aggregated,20.400000,0.000000,51,65,74,84,120,210,320,1300,2500,2700,2700,4046,0,51,87.09704515064301,12.536896974779665,2654.399071005173,10446.495304003955
1780411824,25,,Aggregated,20.800000,0.000000,51,64,74,84,120,210,320,1300,2500,2700,2700,4064,0,51,86.94524850352178,12.536896974779665,2654.399071005173,10449.675196850394
1780411825,25,,Aggregated,20.600000,0.000000,51,64,74,84,120,210,320,1300,2500,2700,2700,4082,0,51,86.79516820288889,12.536896974779665,2654.399071005173,10456.710436060754
1780411826,25,,Aggregated,20.500000,0.000000,51,64,74,84,120,210,310,1300,2500,2700,2700,4105,0,51,86.59753368333114,12.536896974779665,2654.399071005173,10454.994640682095
1780411827,25,,Aggregated,20.100000,0.000000,51,64,74,84,120,210,310,1300,2500,2700,2700,4127,0,51,86.34369001800383,12.536896974779665,2654.399071005173,10457.388175430095
1780411828,25,,Aggregated,20.300000,0.000000,51,64,74,83,120,210,310,1300,2500,2700,2700,4143,0,51,86.18346007877227,12.536896974779665,2654.399071005173,10460.584600531016
1780411829,25,,Aggregated,20.100000,0.000000,51,64,74,83,120,210,310,1300,2500,2700,2700,4170,0,51,85.93884941187132,12.536896974779665,2654.399071005173,10460.342446043165
1780411830,25,,Aggregated,20.200000,0.000000,51,64,74,83,120,210,310,1300,2500,2700,2700,4190,0,51,85.71723341323082,12.536896974779665,2654.399071005173,10465.37971360382
1780411831,25,,Aggregated,19.800000,0.000000,51,64,73,83,120,210,310,1200,2500,2700,2700,4207,0,51,85.54579322120362,12.536896974779665,2654.399071005173,10468.70596624673
1780411832,25,,Aggregated,20.100000,0.000000,51,64,73,83,120,210,310,1200,2500,2700,2700,4230,0,51,85.37151734008901,12.536896974779665,2654.399071005173,10477.416784869976
1780411833,25,,Aggregated,20.300000,0.000000,51,64,73,83,120,210,310,1200,2500,2700,2700,4246,0,51,85.34523460849965,12.536896974779665,2654.399071005173,10475.061234102684
1780411834,25,,Aggregated,20.100000,0.000000,51,64,73,83,120,210,310,1200,2500,2700,2700,4272,0,51,85.13469778266513,12.536896974779665,2654.399071005173,10463.734784644195
1780411835,25,,Aggregated,20.300000,0.000000,51,64,73,82,120,210,310,1200,2500,2700,2700,4288,0,51,84.9815681617181,12.536896974779665,2654.399071005173,10463.814132462687
1780411836,25,,Aggregated,19.800000,0.000000,51,64,73,83,120,210,310,1200,2500,2700,2700,4306,0,51,84.91706080898349,12.536896974779665,2654.399071005173,10467.885740826754
1780411837,25,,Aggregated,20.300000,0.000000,51,64,73,83,120,210,310,1200,2500,2700,2700,4328,0,51,84.90229913502327,12.536896974779665,2654.399071005173,10473.693853974122
1780411838,25,,Aggregated,20.300000,0.000000,51,64,74,83,120,210,300,1200,2500,2700,2700,4353,0,51,84.79195342068842,12.536896974779665,2654.399071005173,10473.92005513439
1780411839,25,,Aggregated,20.600000,0.000000,51,64,74,83,120,210,300,1200,2500,2700,2700,4368,0,51,84.68746259025936,12.536896974779665,2654.399071005173,10468.694826007326
1780411840,25,,Aggregated,20.100000,0.000000,51,64,74,83,120,210,300,1200,2500,2700,2700,4394,0,51,84.61146013408307,12.536896974779665,2654.399071005173,10468.507965407374
1780411841,25,,Aggregated,20.900000,0.000000,51,64,73,83,120,210,300,1200,2500,2700,2700,4417,0,51,84.38649323615732,12.536896974779665,2654.399071005173,10470.852614896989
1780411842,25,,Aggregated,20.000000,0.000000,51,64,73,83,120,210,300,1200,2500,2700,2700,4437,0,51,84.34303412959588,12.536896974779665,2654.399071005173,10479.314852377733
1780411843,25,,Aggregated,20.700000,0.000000,51,63,73,82,120,210,300,1200,2500,2700,2700,4458,0,51,84.15074542216195,12.536896974779665,2654.399071005173,10474.631000448631
1780411844,25,,Aggregated,20.900000,0.000000,50,63,73,82,120,210,300,1200,2500,2700,2700,4477,0,50,83.96911001496147,12.536896974779665,2654.399071005173,10462.965155237882
1780411845,25,,Aggregated,20.400000,0.000000,51,63,73,82,120,210,300,1200,2500,2700,2700,4497,0,51,83.87030380967666,12.536896974779665,2654.399071005173,10472.912163664665
1780411846,25,,Aggregated,21.500000,0.000000,51,63,73,82,120,210,300,1100,2500,2700,2700,4510,0,50,83.78432802002858,12.536896974779665,2654.399071005173,10466.606208425721
1780411847,25,,Aggregated,20.400000,0.000000,51,63,73,82,120,210,300,1100,2500,2700,2700,4534,0,51,83.72332184059871,12.536896974779665,2654.399071005173,10467.33590648434
1780411848,25,,Aggregated,21.200000,0.000000,50,63,73,82,120,210,290,1100,2500,2700,2700,4553,0,50,83.55357560446552,12.536896974779665,2654.399071005173,10460.083022183177
1780411849,25,,Aggregated,20.000000,0.000000,50,63,73,82,120,210,290,1100,2500,2700,2700,4571,0,50,83.38515595671501,12.536896974779665,2654.399071005173,10465.287683220302
1780411850,25,,Aggregated,20.500000,0.000000,50,63,73,82,120,210,290,1100,2500,2700,2700,4591,0,50,83.27470931677,12.536896974779665,2654.399071005173,10456.327379655848
1780411851,25,,Aggregated,19.900000,0.000000,50,63,73,82,120,210,290,1100,2500,2700,2700,4612,0,50,83.15606983831368,12.536896974779665,2654.399071005173,10458.589549002601
1780411852,25,,Aggregated,20.200000,0.000000,50,63,73,82,120,210,290,1100,2500,2700,2700,4638,0,50,82.9849382613579,12.536896974779665,2654.399071005173,10454.847347994826
1780411853,25,,Aggregated,19.400000,0.000000,50,63,73,82,120,210,290,1100,2500,2700,2700,4662,0,50,82.80057620357972,12.536896974779665,2654.399071005173,10455.11154011154
1780411854,25,,Aggregated,19.600000,0.000000,50,63,72,81,110,210,290,1100,2500,2700,2700,4679,0,50,82.60971693868237,12.536896974779665,2654.399071005173,10454.738619363112
1780411855,25,,Aggregated,20.200000,0.000000,50,63,72,81,110,210,290,1100,2500,2700,2700,4702,0,50,82.38647148154091,12.536896974779665,2654.399071005173,10452.607826456828
1780411856,25,,Aggregated,20.100000,0.000000,50,63,72,81,110,210,290,1100,2500,2700,2700,4725,0,50,82.31707463143196,12.536896974779665,2654.399071005173,10457.086349206349
1780411857,25,,Aggregated,20.400000,0.000000,50,63,72,81,110,210,290,1100,2500,2700,2700,4738,0,50,82.24804486203736,12.536896974779665,2654.399071005173,10449.374419586324
1780411858,25,,Aggregated,20.100000,0.000000,50,63,72,81,110,210,290,1100,2500,2700,2700,4758,0,50,82.09874427642431,12.536896974779665,2654.399071005173,10449.397646069778
1780411859,25,,Aggregated,21.400000,0.000000,50,63,72,80,110,210,290,1100,2500,2700,2700,4779,0,50,81.9103990547101,12.536896974779665,2654.399071005173,10449.240426867545
1780411860,25,,Aggregated,20.400000,0.000000,50,63,72,80,110,210,290,1100,2500,2700,2700,4803,0,50,81.72140273440733,12.536896974779665,2654.399071005173,10441.979804288985
1780411861,25,,Aggregated,20.600000,0.000000,50,63,72,80,110,210,290,1100,2500,2700,2700,4821,0,50,81.63539306189892,12.536896974779665,2654.399071005173,10439.979049989628
1780411862,25,,Aggregated,20.800000,0.000000,50,63,72,80,110,210,290,1100,2500,2700,2700,4843,0,50,81.54546753075027,12.536896974779665,2654.399071005173,10443.95870328309
1780411863,25,,Aggregated,21.300000,0.000000,50,63,72,80,110,210,290,1100,2500,2700,2700,4862,0,50,81.56030062038568,12.536896974779665,2654.399071005173,10446.196626902509
1780411864,25,,Aggregated,20.800000,0.000000,50,63,72,80,110,210,290,1100,2500,2700,2700,4882,0,50,81.4639622833953,12.536896974779665,2654.399071005173,10449.900450634987
1780411865,25,,Aggregated,20.600000,0.000000,50,63,72,80,110,210,290,1100,2500,2700,2700,4900,0,50,81.34681229667301,12.536896974779665,2654.399071005173,10449.801020408164
1780411866,25,,Aggregated,20.000000,0.000000,50,63,72,80,110,210,290,1100,2500,2700,2700,4919,0,50,81.2457260783955,12.536896974779665,2654.399071005173,10460.773937792233
1780411867,25,,Aggregated,20.100000,0.000000,50,62,72,80,110,200,290,1100,2500,2700,2700,4939,0,50,81.07417303131211,12.536896974779665,2654.399071005173,10459.716136869813
1780411868,25,,Aggregated,19.900000,0.000000,50,62,72,79,110,200,290,1100,2500,2700,2700,4956,0,50,80.93231143837188,12.536896974779665,2654.399071005173,10461.021186440677
1780411869,25,,Aggregated,19.400000,0.000000,50,62,72,79,110,200,290,1100,2500,2700,2700,4981,0,50,80.77095468814687,12.536896974779665,2654.399071005173,10455.18169042361
1780411870,25,,Aggregated,19.900000,0.000000,50,62,72,79,110,200,290,1100,2500,2700,2700,4998,0,50,80.663672810427,12.536896974779665,2654.399071005173,10450.396358543418
1780411871,25,,Aggregated,19.500000,0.000000,50,62,72,79,110,200,290,1100,2500,2700,2700,5015,0,50,80.52418674884368,12.536896974779665,2654.399071005173,10447.681156530409
1780411872,25,,Aggregated,20.000000,0.000000,50,62,72,79,110,200,290,1100,2500,2700,2700,5038,0,50,80.43057311838973,12.536896974779665,2654.399071005173,10445.319571258437
1780411873,25,,Aggregated,19.300000,0.000000,49,62,72,79,110,200,280,1100,2500,2700,2700,5057,0,49,80.29808149625991,12.536896974779665,2654.399071005173,10439.978445718805
1780411874,25,,Aggregated,19.500000,0.000000,50,62,72,79,110,210,290,1100,2500,2700,2700,5082,0,50,80.64119190762499,12.536896974779665,2654.399071005173,10442.73927587564
1780411875,25,,Aggregated,19.300000,0.000000,50,62,72,79,110,210,290,1100,2500,2700,2700,5096,0,50,80.51896261862184,12.536896974779665,2654.399071005173,10444.397762951334
1780411876,25,,Aggregated,19.600000,0.000000,50,62,72,79,110,210,290,1000,2500,2700,2700,5121,0,50,80.42744423246725,12.536896974779665,2654.399071005173,10442.484085139622
1780411877,25,,Aggregated,20.100000,0.000000,50,62,72,80,110,210,290,1000,2500,2700,2700,5137,0,50,80.39015121812146,12.536896974779665,2654.399071005173,10445.810395172279
1780411878,25,,Aggregated,19.600000,0.000000,50,62,72,80,110,210,280,1000,2500,2700,2700,5156,0,50,80.39574697724352,12.536896974779665,2654.399071005173,10442.89759503491
1780411879,25,,Aggregated,20.100000,0.000000,50,62,72,80,110,210,280,1000,2500,2700,2700,5180,0,50,80.29252977156966,12.536896974779665,2654.399071005173,10454.284749034749
1780411880,25,,Aggregated,19.700000,0.000000,50,62,72,80,110,210,280,1000,2500,2700,2700,5199,0,50,80.22518789685978,12.536896974779665,2654.399071005173,10452.426235814579
1780411881,25,,Aggregated,20.000000,0.000000,50,62,72,80,110,210,280,950,2500,2700,2700,5215,0,50,80.13937462873315,12.536896974779665,2654.399071005173,10450.436241610738
1780411882,25,,Aggregated,19.900000,0.000000,50,62,72,80,110,210,280,950,2500,2700,2700,5236,0,49,80.00499955975002,12.536896974779665,2654.399071005173,10444.301375095492
1780411883,25,,Aggregated,20.100000,0.000000,49,62,72,79,110,210,280,950,2500,2700,2700,5259,0,49,79.90194914391805,12.536896974779665,2654.399071005173,10451.790644609242
1780411884,25,,Aggregated,19.700000,0.000000,49,62,72,79,110,200,280,950,2500,2700,2700,5281,0,49,79.80025979097309,12.536896974779665,2654.399071005173,10458.42283658398
1780411885,25,,Aggregated,20.000000,0.000000,49,62,72,79,110,200,280,910,2500,2700,2700,5303,0,49,79.68139302191375,12.536896974779665,2654.399071005173,10453.391853667736
1780411886,25,,Aggregated,20.000000,0.000000,49,62,72,79,110,200,280,910,2500,2700,2700,5324,0,49,79.57317679210837,12.536896974779665,2654.399071005173,10455.88241923366
1780411887,25,,Aggregated,19.800000,0.000000,49,62,71,79,110,200,280,910,2500,2700,2700,5341,0,49,79.45326109662604,12.536896974779665,2654.399071005173,10453.967796292829
1780411888,25,,Aggregated,20.600000,0.000000,49,62,71,79,110,200,280,910,2500,2700,2700,5365,0,49,79.33025398397538,12.536896974779665,2654.399071005173,10454.701770736254
1780411889,25,,Aggregated,20.400000,0.000000,49,62,71,79,110,200,280,910,2500,2700,2700,5386,0,49,79.17486198014427,12.536896974779665,2654.399071005173,10451.38358707761
1780411890,25,,Aggregated,20.400000,0.000000,49,62,72,79,110,200,280,770,2500,2700,2700,5412,0,49,79.40410958353158,12.536896974779665,2654.399071005173,10450.852180339985
1780411891,25,,Aggregated,20.900000,0.000000,49,62,71,79,110,200,280,770,2500,2700,2700,5432,0,49,79.29578232327758,12.536896974779665,2654.399071005173,10452.237481590575
1780411892,25,,Aggregated,20.600000,0.000000,49,62,71,79,110,200,280,770,2500,2700,2700,5451,0,49,79.14447601026448,12.536896974779665,2654.399071005173,10452.4388185654
1780411894,25,,Aggregated,21.300000,0.000000,49,62,71,79,110,200,280,770,2500,2700,2700,5471,0,49,79.05225777442598,12.536896974779665,2654.399071005173,10450.073112776457
1780411895,25,,Aggregated,21.700000,0.000000,49,62,71,79,110,200,280,770,2500,2700,2700,5491,0,49,78.99723688068089,12.536896974779665,2654.399071005173,10452.114004735022
1780411896,25,,Aggregated,21.300000,0.000000,49,62,71,79,110,200,280,640,2500,2700,2700,5509,0,49,78.90019988506153,12.536896974779665,2654.399071005173,10451.647667453259
1780411897,25,,Aggregated,21.200000,0.000000,49,62,71,79,110,200,280,640,2500,2700,2700,5529,0,49,78.73632440999249,12.536896974779665,2654.399071005173,10450.457948996202
1780411898,25,,Aggregated,21.000000,0.000000,49,62,71,79,110,200,280,640,2500,2700,2700,5549,0,49,78.72758133841963,12.536896974779665,2654.399071005173,10458.015137862678
1780411899,25,,Aggregated,20.600000,0.000000,49,62,71,79,110,200,280,640,2500,2700,2700,5566,0,49,78.6419217612173,12.536896974779665,2654.399071005173,10458.9820337765
1780411900,25,,Aggregated,20.400000,0.000000,49,62,71,80,110,200,280,640,2500,2700,2700,5590,0,49,78.8399612223263,12.536896974779665,2654.399071005173,10459.152772808588
1780411901,25,,Aggregated,20.800000,0.000000,49,62,71,79,110,200,280,610,2500,2700,2700,5607,0,49,78.73254133829104,12.536896974779665,2654.399071005173,10461.467986445514
1780411902,25,,Aggregated,20.100000,0.000000,49,62,71,79,110,200,280,610,2500,2700,2700,5630,0,49,78.6341549725984,12.536896974779665,2654.399071005173,10457.676554174068
1780411903,25,,Aggregated,20.400000,0.000000,49,62,71,79,110,200,280,610,2500,2700,2700,5650,0,49,78.51274465619734,12.536896974779665,2654.399071005173,10459.077168141594
1780411904,25,,Aggregated,19.800000,0.000000,49,62,71,79,110,200,270,610,2500,2700,2700,5673,0,49,78.42045518820906,12.536896974779665,2654.399071005173,10452.511545919268
1780411905,25,,Aggregated,19.800000,0.000000,49,62,71,79,110,200,270,610,2500,2700,2700,5696,0,49,78.29978420956108,12.536896974779665,2654.399071005173,10449.66801264045
1780411906,25,,Aggregated,19.900000,0.000000,49,61,71,79,110,200,270,450,2500,2700,2700,5713,0,49,78.17702814540911,12.536896974779665,2654.399071005173,10448.249606161386
1780411907,25,,Aggregated,20.100000,0.000000,49,61,71,79,110,200,270,450,2500,2700,2700,5739,0,49,78.10259873753712,12.536896974779665,2654.399071005173,10458.983795086251
1780411908,25,,Aggregated,20.400000,0.000000,49,61,71,79,110,200,270,450,2500,2700,2700,5758,0,49,78.01050825091257,12.536896974779665,2654.399071005173,10458.611497047586
1780411909,25,,Aggregated,20.400000,0.000000,49,61,71,79,110,200,270,450,2500,2700,2700,5783,0,49,78.02644164291833,12.536896974779665,2654.399071005173,10456.087324917862
1780411910,25,,Aggregated,20.800000,0.000000,49,61,71,79,110,200,270,440,2500,2700,2700,5804,0,49,77.94121846313844,12.536896974779665,2654.399071005173,10456.764472777395
1780411911,25,,Aggregated,21.700000,0.000000,49,61,71,79,110,200,270,440,2500,2700,2700,5820,0,49,77.90039980089367,12.536896974779665,2654.399071005173,10455.636254295532
1780411912,25,,Aggregated,21.700000,0.000000,49,61,71,79,110,200,270,440,2500,2700,2700,5841,0,49,77.83892975352263,12.536896974779665,2654.399071005173,10453.704845060778
1780411913,25,,Aggregated,21.200000,0.000000,49,61,71,79,110,200,270,440,2500,2700,2700,5861,0,49,77.71979774771872,12.536896974779665,2654.399071005173,10451.524825115168
1780411914,25,,Aggregated,21.200000,0.000000,49,62,71,79,110,200,270,440,2500,2700,2700,5885,0,49,77.73925685428618,12.536896974779665,2654.399071005173,10444.87051826678
1780411915,25,,Aggregated,21.000000,0.000000,49,62,71,79,110,200,270,410,2500,2700,2700,5906,0,49,77.67945013316391,12.536896974779665,2654.399071005173,10445.580257365391
